﻿pos_x,pos_y,rotation,side,designator,mpn,pack,value,mount_type,place
103.886,-90.19,-90.0,top,A1,,Arduino_Nano,Arduino_Nano_v3.x,tht,True
125.7,-121.7,180.0,top,C1,,C_0805_2012Metric_Pad1.18x1.45mm_HandSolder,1uF,smt,True
85.5,-142.7,0.0,top,C11,,C_0805_2012Metric_Pad1.18x1.45mm_HandSolder,10uF,smt,True
94.1,-142.6,180.0,top,C12,,C_0805_2012Metric_Pad1.18x1.45mm_HandSolder,100nF,smt,True
91.6,-148.0,180.0,top,C13,,C_0805_2012Metric_Pad1.18x1.45mm_HandSolder,1uF,smt,True
99.1,-129.6,90.0,top,C14,,C_0805_2012Metric_Pad1.18x1.45mm_HandSolder,100nF,smt,True
65.1,-116.1,180.0,bottom,C15,,C_0805_2012Metric_Pad1.18x1.45mm_HandSolder,10nF,smt,True
97.7375,-145.161,0.0,top,C16,,C_0805_2012Metric_Pad1.18x1.45mm_HandSolder,100pF,smt,True
99.9,-142.748,0.0,top,C17,,C_0805_2012Metric_Pad1.18x1.45mm_HandSolder,22uF NPO,smt,True
99.6,-154.1,0.0,top,C18,,C_0805_2012Metric_Pad1.18x1.45mm_HandSolder,100nF,smt,True
65.0,-113.93298,90.0,top,C19,,CP_Radial_D6.3mm_P2.50mm,100uF,tht,True
125.8,-131.9,180.0,top,C2,,C_0805_2012Metric_Pad1.18x1.45mm_HandSolder,100nF,smt,True
106.2,-150.7,180.0,top,C20,,C_0805_2012Metric_Pad1.18x1.45mm_HandSolder,10uF,smt,True
134.874,-133.579349,-90.0,top,C21,,CP_Radial_D8.0mm_P3.80mm,330uF,tht,True
137.16,-133.604,-90.0,bottom,C22,,C_0805_2012Metric_Pad1.18x1.45mm_HandSolder,100nF,smt,True
149.0765,-136.906,180.0,top,C23,,C_0805_2012Metric_Pad1.18x1.45mm_HandSolder,10uF,smt,True
140.966,-143.302,180.0,bottom,C24,,C_0805_2012Metric_Pad1.18x1.45mm_HandSolder,10uF,smt,True
147.2184,-142.2908,180.0,top,C25,,C_0805_2012Metric_Pad1.18x1.45mm_HandSolder,22uF,smt,True
136.1345,-140.278,180.0,bottom,C26,,C_0805_2012Metric_Pad1.18x1.45mm_HandSolder,22uF,smt,True
132.08,-141.478,90.0,bottom,C27,,C_0805_2012Metric_Pad1.18x1.45mm_HandSolder,22uF,smt,True
117.2,-158.3,-90.0,top,C28,,C_0805_2012Metric_Pad1.18x1.45mm_HandSolder,10uF,smt,True
143.404,-159.596,-90.0,bottom,C29,,C_0805_2012Metric_Pad1.18x1.45mm_HandSolder,10uF,smt,True
125.8,-129.0,180.0,top,C3,,C_0805_2012Metric_Pad1.18x1.45mm_HandSolder,10uF,smt,True
114.8,-158.3,-90.0,top,C30,,C_0805_2012Metric_Pad1.18x1.45mm_HandSolder,22uF,smt,True
142.504,-155.146,90.0,bottom,C31,,C_0805_2012Metric_Pad1.18x1.45mm_HandSolder,22uF,smt,True
126.492,-114.046,-90.0,bottom,C32,,C_0805_2012Metric_Pad1.18x1.45mm_HandSolder,4.7uF,smt,True
148.844,-91.567,180.0,bottom,C33,,C_0805_2012Metric_Pad1.18x1.45mm_HandSolder,10nF,smt,True
120.30838,-91.186,180.0,top,C34,,CP_Radial_D6.3mm_P2.50mm,100uF,tht,True
155.321,-99.695,180.0,bottom,C35,,C_0805_2012Metric_Pad1.18x1.45mm_HandSolder,10nF,smt,True
106.2,-118.3,180.0,top,C36,,C_0805_2012Metric_Pad1.18x1.45mm_HandSolder,10uF,smt,True
104.6,-120.6,180.0,top,C37,,C_0805_2012Metric_Pad1.18x1.45mm_HandSolder,100nF,smt,True
104.6,-122.7,180.0,top,C38,,C_0805_2012Metric_Pad1.18x1.45mm_HandSolder,1nF,smt,True
104.6,-129.3,180.0,top,C39,,C_0805_2012Metric_Pad1.18x1.45mm_HandSolder,10uF,smt,True
104.4,-131.8,180.0,top,C40,,C_0805_2012Metric_Pad1.18x1.45mm_HandSolder,100nF,smt,True
104.6,-127.2,180.0,top,C41,,C_0805_2012Metric_Pad1.18x1.45mm_HandSolder,1nF,smt,True
103.886,-109.22,-90.0,top,C42,,CP_Radial_D6.3mm_P2.50mm,100uF,tht,True
79.375,-119.126,180.0,top,C43,,C_0805_2012Metric_Pad1.18x1.45mm_HandSolder,1nF,smt,True
102.3,-86.614,180.0,top,C44,,C_0805_2012Metric_Pad1.18x1.45mm_HandSolder,10uF,smt,True
89.5,-109.8,0.0,top,C45,,C_0805_2012Metric_Pad1.18x1.45mm_HandSolder,1uF,smt,True
142.0075,-101.346,180.0,bottom,C46,,C_0805_2012Metric_Pad1.18x1.45mm_HandSolder,100nF,smt,True
142.0075,-99.06,180.0,bottom,C47,,C_0805_2012Metric_Pad1.18x1.45mm_HandSolder,10uF,smt,True
78.8924,-150.557,0.0,top,C49,,C_0805_2012Metric_Pad1.18x1.45mm_HandSolder,100nF,smt,True
78.8924,-152.8684,0.0,top,C50,,C_0805_2012Metric_Pad1.18x1.45mm_HandSolder,10uF,smt,True
78.1304,-138.2087,90.0,top,C51,,C_0805_2012Metric_Pad1.18x1.45mm_HandSolder,1uF,smt,True
75.184,-138.1872,90.0,top,C52,,C_0805_2012Metric_Pad1.18x1.45mm_HandSolder,10uF,smt,True
72.3744,-126.3298,180.0,top,C55,,C_0805_2012Metric_Pad1.18x1.45mm_HandSolder,100nF,smt,True
72.3744,-123.8406,180.0,top,C57,,C_0805_2012Metric_Pad1.18x1.45mm_HandSolder,10uF,smt,True
141.732,-129.794,90.0,bottom,D2,,D_SMB_Handsoldering,SS54,smt,True
152.273,-144.272,90.0,top,D3,,D_0805_2012Metric_Pad1.15x1.40mm_HandSolder,1N4148,smt,True
147.066,-137.302,180.0,bottom,D4,,D_0805_2012Metric_Pad1.15x1.40mm_HandSolder,1N4148,smt,True
150.114,-142.24,90.0,top,D5,,D_0805_2012Metric_Pad1.15x1.40mm_HandSolder,1N4148,smt,True
140.966,-140.302,0.0,bottom,D6,,D_0805_2012Metric_Pad1.15x1.40mm_HandSolder,1N4148,smt,True
87.8375,-119.1,180.0,top,D7,,SOT-23,BAT54C,smt,True
99.2124,-160.401,180.0,top,D8,,D_1206_3216Metric_Pad1.42x1.75mm_HandSolder,7V5,smt,True
98.6259,-157.4648,0.0,top,D9,,SOT-23,BZX84C6V2,smt,True
146.05,-127.254,180.0,bottom,FB2,,L_0805_2012Metric_Pad1.05x1.20mm_HandSolder,2A,smt,True
133.096,-144.272,180.0,bottom,FB3,,L_0805_2012Metric_Pad1.05x1.20mm_HandSolder,2A,smt,True
75.6158,-151.6746,90.0,top,FB4,,L_0805_2012Metric_Pad1.05x1.20mm_HandSolder,BLM21AH102SN1D,smt,True
155.448,-123.19,90.0,bottom,FB5,,L_1806_4516Metric_Pad1.45x1.90mm_HandSolder,BLM41PF800SN1L,smt,True
113.2,-127.7,180.0,top,FB6,,L_0603_1608Metric_Pad1.05x0.95mm_HandSolder,1K,smt,True
110.617,-129.286,180.0,top,FB7,,L_0603_1608Metric_Pad1.05x0.95mm_HandSolder,1K,smt,True
125.476,-94.107,0.0,top,H1,,MountingHole_3.2mm_M3_DIN965_Pad_TopBottom,GND,tht,True
155.956,-161.163,0.0,top,H2,,MountingHole_3.2mm_M3_DIN965_Pad_TopBottom,MountingHole_Pad,tht,True
62.3,-159.4,0.0,top,H3,,MountingHole_3.2mm_M3_DIN965_Pad_TopBottom,MountingHole_Pad,tht,True
62.5,-89.9,0.0,top,H4,,MountingHole_3.2mm_M3_DIN965_Pad_TopBottom,MountingHole_Pad,tht,True
113.03,-91.699,180.0,top,J10,,PinHeader_1x02_P2.54mm_Vertical,Remove jumper when loading sketch,tht,True
155.194,-140.716,0.0,top,J11,,PinHeader_1x03_P2.54mm_Vertical,LM317,tht,True
119.634,-107.076,0.0,top,J2,,PinHeader_1x03_P2.54mm_Vertical,RF conn,tht,True
150.368,-127.283,-90.0,top,J3,,TerminalBlock_Altech_AK300-2_P5.00mm,DC-IN,tht,True
129.286,-139.954,0.0,top,J4,,PinHeader_1x02_P2.54mm_Vertical,5V Counter ,tht,True
130.475,-129.0,90.0,top,J5,,PinHeader_1x03_P2.54mm_Vertical,LM35DT,tht,True
124.4,-156.175,180.0,top,J6,,PinSocket_1x05_P2.54mm_Vertical,NEO 6M/8M/8T,tht,True
130.048,-153.67,180.0,top,J7,,PinHeader_1x03_P2.54mm_Vertical,NEO Serial,tht,True
115.57,-97.536,-90.0,top,J8,,PinHeader_1x03_P2.54mm_Vertical,NANO Serial,tht,True
70.4596,-112.0902,0.0,top,J9,,PinHeader_1x02_P2.54mm_Vertical,LED,tht,True
124.102,-110.49,0.0,top,L1,,L_Axial_L5.3mm_D2.2mm_P2.54mm_Vertical_Vishay_IM-1,10-100uH,tht,True
92.0,-118.95,180.0,bottom,Q1,,SOT-23,AO3400A,smt,True
92.0,-124.0,180.0,bottom,Q2,,SOT-23,AO3400A,smt,True
92.0,-128.75,180.0,bottom,Q3,,SOT-23,AO3400A,smt,True
92.0,-133.5,180.0,bottom,Q4,,SOT-23,AO3400A,smt,True
92.0,-138.25,180.0,bottom,Q5,,SOT-23,AO3400A,smt,True
92.0,-143.25,180.0,bottom,Q6,,SOT-23,AO3400A,smt,True
92.0,-148.0,180.0,bottom,Q7,,SOT-23,AO3400A,smt,True
92.0,-152.75,180.0,bottom,Q8,,SOT-23,AO3400A,smt,True
92.0,-157.75,180.0,bottom,Q9,,SOT-23,AO3400A,smt,True
91.2,-100.0,0.0,top,R1,,R_0805_2012Metric_Pad1.20x1.40mm_HandSolder,75R,smt,True
75.7522,-133.1214,0.0,top,R102,,R_0805_2012Metric_Pad1.20x1.40mm_HandSolder,100K,smt,True
89.2048,-134.2898,180.0,top,R103,,R_0805_2012Metric_Pad1.20x1.40mm_HandSolder,5K1,smt,True
84.3186,-129.3876,180.0,top,R104,,R_0805_2012Metric_Pad1.20x1.40mm_HandSolder,13K,smt,True
87.503,-148.209,180.0,top,R14,,R_0805_2012Metric_Pad1.20x1.40mm_HandSolder,75R,smt,True
89.154,-150.114,0.0,top,R15,,R_0805_2012Metric_Pad1.20x1.40mm_HandSolder,1K,smt,True
96.4,-132.5,180.0,top,R16,,R_0805_2012Metric_Pad1.20x1.40mm_HandSolder,100K,smt,True
96.2,-130.6,0.0,top,R17,,R_0805_2012Metric_Pad1.20x1.40mm_HandSolder,7K5,smt,True
96.2,-128.6,180.0,top,R18,,R_0805_2012Metric_Pad1.20x1.40mm_HandSolder,6K8,smt,True
92.9,-150.114,0.0,top,R19,,R_0805_2012Metric_Pad1.20x1.40mm_HandSolder,100K,smt,True
125.8,-124.2,180.0,top,R2,,R_0805_2012Metric_Pad1.20x1.40mm_HandSolder,75R,smt,True
102.0,-145.2,0.0,top,R20,,R_0805_2012Metric_Pad1.20x1.40mm_HandSolder,10Meg,smt,True
104.0,-156.5,0.0,top,R21,,R_0805_2012Metric_Pad1.20x1.40mm_HandSolder,10K,smt,True
69.25,-119.1,0.0,bottom,R22,,R_2512_6332Metric_Pad1.40x3.35mm_HandSolder,68R,smt,True
77.5,-119.1,0.0,bottom,R23,,R_2512_6332Metric_Pad1.40x3.35mm_HandSolder,68R,smt,True
85.75,-119.1,0.0,bottom,R24,,R_2512_6332Metric_Pad1.40x3.35mm_HandSolder,68R,smt,True
98.2,-119.1,0.0,bottom,R25,,R_2512_6332Metric_Pad1.40x3.35mm_HandSolder,68R,smt,True
106.5,-119.1,0.0,bottom,R26,,R_2512_6332Metric_Pad1.40x3.35mm_HandSolder,68R,smt,True
114.75,-119.1,0.0,bottom,R27,,R_2512_6332Metric_Pad1.40x3.35mm_HandSolder,68R,smt,True
69.25,-124.0,0.0,bottom,R28,,R_2512_6332Metric_Pad1.40x3.35mm_HandSolder,68R,smt,True
77.5,-124.0,0.0,bottom,R29,,R_2512_6332Metric_Pad1.40x3.35mm_HandSolder,68R,smt,True
85.75,-124.0,0.0,bottom,R30,,R_2512_6332Metric_Pad1.40x3.35mm_HandSolder,68R,smt,True
98.25,-124.0,0.0,bottom,R31,,R_2512_6332Metric_Pad1.40x3.35mm_HandSolder,68R,smt,True
106.5,-124.0,0.0,bottom,R32,,R_2512_6332Metric_Pad1.40x3.35mm_HandSolder,68R,smt,True
114.75,-124.0,0.0,bottom,R33,,R_2512_6332Metric_Pad1.40x3.35mm_HandSolder,68R,smt,True
69.25,-128.75,0.0,bottom,R34,,R_2512_6332Metric_Pad1.40x3.35mm_HandSolder,68R,smt,True
77.5,-128.75,0.0,bottom,R35,,R_2512_6332Metric_Pad1.40x3.35mm_HandSolder,68R,smt,True
85.75,-128.75,0.0,bottom,R36,,R_2512_6332Metric_Pad1.40x3.35mm_HandSolder,68R,smt,True
98.25,-128.75,0.0,bottom,R37,,R_2512_6332Metric_Pad1.40x3.35mm_HandSolder,68R,smt,True
106.5,-128.75,0.0,bottom,R38,,R_2512_6332Metric_Pad1.40x3.35mm_HandSolder,68R,smt,True
114.75,-128.75,0.0,bottom,R39,,R_2512_6332Metric_Pad1.40x3.35mm_HandSolder,68R,smt,True
69.25,-133.5,0.0,bottom,R40,,R_2512_6332Metric_Pad1.40x3.35mm_HandSolder,68R,smt,True
77.5,-133.5,0.0,bottom,R41,,R_2512_6332Metric_Pad1.40x3.35mm_HandSolder,68R,smt,True
85.75,-133.5,0.0,bottom,R42,,R_2512_6332Metric_Pad1.40x3.35mm_HandSolder,68R,smt,True
98.2,-133.5,0.0,bottom,R43,,R_2512_6332Metric_Pad1.40x3.35mm_HandSolder,68R,smt,True
106.5,-133.5,0.0,bottom,R44,,R_2512_6332Metric_Pad1.40x3.35mm_HandSolder,68R,smt,True
114.75,-133.5,0.0,bottom,R45,,R_2512_6332Metric_Pad1.40x3.35mm_HandSolder,68R,smt,True
69.25,-138.25,0.0,bottom,R46,,R_2512_6332Metric_Pad1.40x3.35mm_HandSolder,68R,smt,True
77.5,-138.25,0.0,bottom,R47,,R_2512_6332Metric_Pad1.40x3.35mm_HandSolder,68R,smt,True
85.75,-138.25,0.0,bottom,R48,,R_2512_6332Metric_Pad1.40x3.35mm_HandSolder,68R,smt,True
98.2,-138.25,0.0,bottom,R49,,R_2512_6332Metric_Pad1.40x3.35mm_HandSolder,68R,smt,True
106.45,-138.25,0.0,bottom,R50,,R_2512_6332Metric_Pad1.40x3.35mm_HandSolder,68R,smt,True
114.75,-138.25,0.0,bottom,R51,,R_2512_6332Metric_Pad1.40x3.35mm_HandSolder,68R,smt,True
69.25,-143.25,0.0,bottom,R52,,R_2512_6332Metric_Pad1.40x3.35mm_HandSolder,68R,smt,True
77.5,-143.25,0.0,bottom,R53,,R_2512_6332Metric_Pad1.40x3.35mm_HandSolder,68R,smt,True
85.75,-143.25,0.0,bottom,R54,,R_2512_6332Metric_Pad1.40x3.35mm_HandSolder,68R,smt,True
98.2,-143.25,0.0,bottom,R55,,R_2512_6332Metric_Pad1.40x3.35mm_HandSolder,68R,smt,True
106.5,-143.25,0.0,bottom,R56,,R_2512_6332Metric_Pad1.40x3.35mm_HandSolder,68R,smt,True
114.75,-143.25,0.0,bottom,R57,,R_2512_6332Metric_Pad1.40x3.35mm_HandSolder,68R,smt,True
69.25,-148.0,0.0,bottom,R58,,R_2512_6332Metric_Pad1.40x3.35mm_HandSolder,68R,smt,True
77.5,-148.0,0.0,bottom,R59,,R_2512_6332Metric_Pad1.40x3.35mm_HandSolder,68R,smt,True
85.75,-148.0,0.0,bottom,R60,,R_2512_6332Metric_Pad1.40x3.35mm_HandSolder,68R,smt,True
98.2,-148.0,0.0,bottom,R61,,R_2512_6332Metric_Pad1.40x3.35mm_HandSolder,68R,smt,True
106.5,-148.0,0.0,bottom,R62,,R_2512_6332Metric_Pad1.40x3.35mm_HandSolder,68R,smt,True
114.75,-148.0,0.0,bottom,R63,,R_2512_6332Metric_Pad1.40x3.35mm_HandSolder,68R,smt,True
69.25,-152.75,0.0,bottom,R64,,R_2512_6332Metric_Pad1.40x3.35mm_HandSolder,68R,smt,True
77.5,-152.75,0.0,bottom,R65,,R_2512_6332Metric_Pad1.40x3.35mm_HandSolder,68R,smt,True
85.75,-152.75,0.0,bottom,R66,,R_2512_6332Metric_Pad1.40x3.35mm_HandSolder,68R,smt,True
98.25,-152.75,0.0,bottom,R67,,R_2512_6332Metric_Pad1.40x3.35mm_HandSolder,68R,smt,True
106.5,-152.75,0.0,bottom,R68,,R_2512_6332Metric_Pad1.40x3.35mm_HandSolder,68R,smt,True
114.75,-152.75,0.0,bottom,R69,,R_2512_6332Metric_Pad1.40x3.35mm_HandSolder,68R,smt,True
69.25,-157.75,0.0,bottom,R70,,R_2512_6332Metric_Pad1.40x3.35mm_HandSolder,68R,smt,True
77.5,-157.75,0.0,bottom,R71,,R_2512_6332Metric_Pad1.40x3.35mm_HandSolder,68R,smt,True
85.75,-157.75,0.0,bottom,R72,,R_2512_6332Metric_Pad1.40x3.35mm_HandSolder,68R,smt,True
98.2,-157.75,0.0,bottom,R73,,R_2512_6332Metric_Pad1.40x3.35mm_HandSolder,68R,smt,True
106.5,-157.75,0.0,bottom,R74,,R_2512_6332Metric_Pad1.40x3.35mm_HandSolder,68R,smt,True
114.75,-157.75,0.0,bottom,R75,,R_2512_6332Metric_Pad1.40x3.35mm_HandSolder,68R,smt,True
149.098,-139.192,180.0,top,R76,,R_0805_2012Metric_Pad1.20x1.40mm_HandSolder,680R,smt,True
140.966,-146.702,180.0,bottom,R77,,R_0805_2012Metric_Pad1.20x1.40mm_HandSolder,1K2,smt,True
152.146,-140.208,90.0,top,R78,,R_0805_2012Metric_Pad1.20x1.40mm_HandSolder,220R,smt,True
140.866,-150.202,0.0,bottom,R79,,R_0805_2012Metric_Pad1.20x1.40mm_HandSolder,220R,smt,True
155.448,-131.064,90.0,bottom,R80,,R_2512_6332Metric_Pad1.40x3.35mm_HandSolder,0.5R,smt,True
155.305,-96.917,0.0,bottom,R81,,R_0805_2012Metric_Pad1.20x1.40mm_HandSolder,10K,smt,True
155.337,-102.505,180.0,bottom,R82,,R_0805_2012Metric_Pad1.20x1.40mm_HandSolder,10K,smt,True
69.3166,-108.6866,180.0,bottom,R83,,R_0805_2012Metric_Pad1.20x1.40mm_HandSolder,10K,smt,True
91.1,-94.4,-90.0,top,R84,,R_0805_2012Metric_Pad1.20x1.40mm_HandSolder,100R,smt,True
91.2,-97.9,0.0,top,R85,,R_0805_2012Metric_Pad1.20x1.40mm_HandSolder,100R,smt,True
83.693,-119.126,180.0,top,R86,,R_0805_2012Metric_Pad1.20x1.40mm_HandSolder,3K9,smt,True
79.248,-114.8,-90.0,top,R87,,R_0805_2012Metric_Pad1.20x1.40mm_HandSolder,1K,smt,True
85.5,-109.8,180.0,top,R88,,R_0805_2012Metric_Pad1.20x1.40mm_HandSolder,75R,smt,True
93.5,-109.8,180.0,top,R89,,R_0805_2012Metric_Pad1.20x1.40mm_HandSolder,75R,smt,True
115.951,-107.188,90.0,top,R90,,R_0805_2012Metric_Pad1.20x1.40mm_HandSolder,10R,smt,True
151.003,-100.711,-90.0,bottom,R91,,R_0805_2012Metric_Pad1.20x1.40mm_HandSolder,51R,smt,True
110.49,-138.811,180.0,top,R92,,R_0805_2012Metric_Pad1.20x1.40mm_HandSolder,100R,smt,True
75.6158,-156.1356,90.0,top,R93,,R_0805_2012Metric_Pad1.20x1.40mm_HandSolder,10R,smt,True
121.6,-117.7,0.0,top,R94,,R_0805_2012Metric_Pad1.20x1.40mm_HandSolder,10R,smt,True
82.763,-125.7202,-90.0,top,R95,,R_0805_2012Metric_Pad1.20x1.40mm_HandSolder,4K7,smt,True
85.8872,-125.771,-90.0,top,R96,,R_0805_2012Metric_Pad1.20x1.40mm_HandSolder,4K7,smt,True
83.3374,-133.1214,0.0,top,RV2,,Potentiometer_Bourns_3224J_Horizontal,2K,smt,True
124.842,-106.19,0.0,top,TP1,,TestPoint_Loop_D1.80mm_Drill1.0mm_Beaded,f-Adjust,tht,True
74.676,-113.792,0.0,top,TP2,,TestPoint_Loop_D1.80mm_Drill1.0mm_Beaded,PCB Temp,tht,True
107.442,-161.29,0.0,top,TP3,,TestPoint_Loop_D1.80mm_Drill1.0mm_Beaded,Heater Reg,tht,True
152.502,-110.592,180.0,top,U10,,CTI_OC5SC25,CTI_OC5SC25,tht,True
129.189,-123.519,90.0,top,U11,,Bliley_NV47M1008,Bliley_NV47M1008,tht,True
111.8,-133.9,90.0,top,U12,,SOIC-16_3.9x9.9mm_P1.27mm,74HC390,smt,True
111.7,-123.1,90.0,top,U13,,SOIC-16_3.9x9.9mm_P1.27mm,74HC4046,smt,True
143.764,-105.156,0.0,top,U14,,SOT-23,LM45,smt,True
77.937,-127.0664,0.0,top,U15,,VSSOP-8_3.0x3.0mm_P0.65mm,DAC8531,smt,True
76.1238,-144.4498,90.0,top,U16,,SOIC-8_3.9x4.9mm_P1.27mm,REF5040AD,smt,True
87.6,-145.5,0.0,top,U4,,SOT-23,LM45,smt,True
98.8,-150.4,0.0,top,U5,,SOIC-8_3.9x4.9mm_P1.27mm,OPA1641,smt,True
147.827,-144.502,-90.0,bottom,U7,,TO-252-2-large_tab,LM317 TO-252,smt,True
114.9,-151.9,90.0,top,U8,,SOT-223-3_TabPin2,AMS1117-5.0,smt,True
136.804,-156.196,180.0,bottom,U9,,SOT-223-3_TabPin2,AMS1117-5.0,smt,True
