﻿designator,quantity,value,pack,mpn,mount_type
A1,1,Arduino_Nano_v3.x,Arduino_Nano,,tht
"C1, C13, C45, C51",4,1uF,C_0805_2012Metric_Pad1.18x1.45mm_HandSolder,,smt
"C11, C20, C23, C24, C28, C29, C3, C36, C39, C44, C47, C50, C52, C57",14,10uF,C_0805_2012Metric_Pad1.18x1.45mm_HandSolder,,smt
"C12, C14, C18, C2, C22, C37, C40, C46, C49, C55",10,100nF,C_0805_2012Metric_Pad1.18x1.45mm_HandSolder,,smt
"C15, C33, C35",3,10nF,C_0805_2012Metric_Pad1.18x1.45mm_HandSolder,,smt
C16,1,100pF,C_0805_2012Metric_Pad1.18x1.45mm_HandSolder,,smt
C17,1,22uF NPO,C_0805_2012Metric_Pad1.18x1.45mm_HandSolder,,smt
"C19, C34, C42",3,100uF,CP_Radial_D6.3mm_P2.50mm,,tht
C21,1,330uF,CP_Radial_D8.0mm_P3.80mm,,tht
"C25, C26, C27, C30, C31",5,22uF,C_0805_2012Metric_Pad1.18x1.45mm_HandSolder,,smt
C32,1,4.7uF,C_0805_2012Metric_Pad1.18x1.45mm_HandSolder,,smt
"C38, C41, C43",3,1nF,C_0805_2012Metric_Pad1.18x1.45mm_HandSolder,,smt
D2,1,SS54,D_SMB_Handsoldering,,smt
"D3, D4, D5, D6",4,1N4148,D_0805_2012Metric_Pad1.15x1.40mm_HandSolder,,smt
D7,1,BAT54C,SOT-23,,smt
D8,1,7V5,D_1206_3216Metric_Pad1.42x1.75mm_HandSolder,,smt
D9,1,BZX84C6V2,SOT-23,,smt
"FB2, FB3",2,2A,L_0805_2012Metric_Pad1.05x1.20mm_HandSolder,,smt
FB4,1,BLM21AH102SN1D,L_0805_2012Metric_Pad1.05x1.20mm_HandSolder,,smt
FB5,1,BLM41PF800SN1L,L_1806_4516Metric_Pad1.45x1.90mm_HandSolder,,smt
"FB6, FB7",2,1K,L_0603_1608Metric_Pad1.05x0.95mm_HandSolder,,smt
H1,1,GND,MountingHole_3.2mm_M3_DIN965_Pad_TopBottom,,tht
"H2, H3, H4",3,MountingHole_Pad,MountingHole_3.2mm_M3_DIN965_Pad_TopBottom,,tht
J10,1,Remove jumper when loading sketch,PinHeader_1x02_P2.54mm_Vertical,,tht
J11,1,LM317,PinHeader_1x03_P2.54mm_Vertical,,tht
J2,1,RF conn,PinHeader_1x03_P2.54mm_Vertical,,tht
J3,1,DC-IN,TerminalBlock_Altech_AK300-2_P5.00mm,,tht
J4,1,5V Counter ,PinHeader_1x02_P2.54mm_Vertical,,tht
J5,1,LM35DT,PinHeader_1x03_P2.54mm_Vertical,,tht
J6,1,NEO 6M/8M/8T,PinSocket_1x05_P2.54mm_Vertical,,tht
J7,1,NEO Serial,PinHeader_1x03_P2.54mm_Vertical,,tht
J8,1,NANO Serial,PinHeader_1x03_P2.54mm_Vertical,,tht
J9,1,LED,PinHeader_1x02_P2.54mm_Vertical,,tht
L1,1,10-100uH,L_Axial_L5.3mm_D2.2mm_P2.54mm_Vertical_Vishay_IM-1,,tht
"Q1, Q2, Q3, Q4, Q5, Q6, Q7, Q8, Q9",9,AO3400A,SOT-23,,smt
"R1, R14, R2, R88, R89",5,75R,R_0805_2012Metric_Pad1.20x1.40mm_HandSolder,,smt
"R102, R16, R19",3,100K,R_0805_2012Metric_Pad1.20x1.40mm_HandSolder,,smt
R103,1,5K1,R_0805_2012Metric_Pad1.20x1.40mm_HandSolder,,smt
R104,1,13K,R_0805_2012Metric_Pad1.20x1.40mm_HandSolder,,smt
"R15, R87",2,1K,R_0805_2012Metric_Pad1.20x1.40mm_HandSolder,,smt
R17,1,7K5,R_0805_2012Metric_Pad1.20x1.40mm_HandSolder,,smt
R18,1,6K8,R_0805_2012Metric_Pad1.20x1.40mm_HandSolder,,smt
R20,1,10Meg,R_0805_2012Metric_Pad1.20x1.40mm_HandSolder,,smt
"R21, R81, R82, R83",4,10K,R_0805_2012Metric_Pad1.20x1.40mm_HandSolder,,smt
"R22, R23, R24, R25, R26, R27, R28, R29, R30, R31, R32, R33, R34, R35, R36, R37, R38, R39, R40, R41, R42, R43, R44, R45, R46, R47, R48, R49, R50, R51, R52, R53, R54, R55, R56, R57, R58, R59, R60, R61, R62, R63, R64, R65, R66, R67, R68, R69, R70, R71, R72, R73, R74, R75",54,68R,R_2512_6332Metric_Pad1.40x3.35mm_HandSolder,,smt
R76,1,680R,R_0805_2012Metric_Pad1.20x1.40mm_HandSolder,,smt
R77,1,1K2,R_0805_2012Metric_Pad1.20x1.40mm_HandSolder,,smt
"R78, R79",2,220R,R_0805_2012Metric_Pad1.20x1.40mm_HandSolder,,smt
R80,1,0.5R,R_2512_6332Metric_Pad1.40x3.35mm_HandSolder,,smt
"R84, R85, R92",3,100R,R_0805_2012Metric_Pad1.20x1.40mm_HandSolder,,smt
R86,1,3K9,R_0805_2012Metric_Pad1.20x1.40mm_HandSolder,,smt
"R90, R93, R94",3,10R,R_0805_2012Metric_Pad1.20x1.40mm_HandSolder,,smt
R91,1,51R,R_0805_2012Metric_Pad1.20x1.40mm_HandSolder,,smt
"R95, R96",2,4K7,R_0805_2012Metric_Pad1.20x1.40mm_HandSolder,,smt
RV2,1,2K,Potentiometer_Bourns_3224J_Horizontal,,smt
TP1,1,f-Adjust,TestPoint_Loop_D1.80mm_Drill1.0mm_Beaded,,tht
TP2,1,PCB Temp,TestPoint_Loop_D1.80mm_Drill1.0mm_Beaded,,tht
TP3,1,Heater Reg,TestPoint_Loop_D1.80mm_Drill1.0mm_Beaded,,tht
U10,1,CTI_OC5SC25,CTI_OC5SC25,,tht
U11,1,Bliley_NV47M1008,Bliley_NV47M1008,,tht
U12,1,74HC390,SOIC-16_3.9x9.9mm_P1.27mm,,smt
U13,1,74HC4046,SOIC-16_3.9x9.9mm_P1.27mm,,smt
"U14, U4",2,LM45,SOT-23,,smt
U15,1,DAC8531,VSSOP-8_3.0x3.0mm_P0.65mm,,smt
U16,1,REF5040AD,SOIC-8_3.9x4.9mm_P1.27mm,,smt
U5,1,OPA1641,SOIC-8_3.9x4.9mm_P1.27mm,,smt
U7,1,LM317 TO-252,TO-252-2-large_tab,,smt
"U8, U9",2,AMS1117-5.0,SOT-223-3_TabPin2,,smt
