[{"pos_x": 31.623, "pos_y": -40.64, "rotation": 0.0, "side": "top", "designator": "H1", "mpn": null, "pack": "MountingHole_6.4mm_M6", "value": "10MHz-1", "mount_type": "tht", "place": true}, {"pos_x": 74.676, "pos_y": -40.767, "rotation": 0.0, "side": "top", "designator": "H4", "mpn": null, "pack": "MountingHole_6.4mm_M6", "value": "10MHz-2", "mount_type": "tht", "place": true}, {"pos_x": 92.329, "pos_y": -11.176, "rotation": 0.0, "side": "top", "designator": "H2", "mpn": null, "pack": "MountingHole_3mm", "value": "PWR LED", "mount_type": "tht", "place": true}, {"pos_x": 12.827, "pos_y": -11.557, "rotation": 0.0, "side": "top", "designator": "H3", "mpn": null, "pack": "MountingHole_3mm", "value": "Lock LED", "mount_type": "tht", "place": true}]