﻿Designator,Footprint,Quantity,Value,LCSC Part #
A1,Arduino_Nano,1,Arduino_Nano_v3.x,
"C1, C13, C45, C51",0805,4,1uF,
"C11, C20, C23, C24, C28, C29, C3, C36, C39, C44, C47, C50, C52, C57",0805,14,10uF,
"C12, C14, C18, C2, C22, C37, C40, C46, C49, C55",0805,10,100nF,
"C15, C33, C35",0805,3,10nF,
C16,0805,1,100pF,
C17,0805,1,22uF NPO,
"C19, C34, C42",CP_Radial_D6.3mm_P2.50mm,3,100uF,
C21,CP_Radial_D8.0mm_P3.80mm,1,330uF,
"C25, C26, C27, C30, C31",0805,5,22uF,
C32,0805,1,4.7uF,
"C38, C41, C43",0805,3,1nF,
D2,D_SMB_Handsoldering,1,SS54,
"D3, D4, D5, D6",0805,4,1N4148,
D7,SOT-23,1,BAT54C,
D8,1206,1,7V5,
D9,SOT-23,1,BZX84C6V2,
"FB2, FB3",0805,2,2A,
FB4,0805,1,BLM21AH102SN1D,
FB5,1806,1,BLM41PF800SN1L,
"FB6, FB7",0603,2,1K,
H1,MountingHole_3.2mm_M3_DIN965_Pad_TopBottom,1,GND,
"H2, H3, H4",MountingHole_3.2mm_M3_DIN965_Pad_TopBottom,3,MountingHole_Pad,
J10,PinHeader_1x02_P2.54mm_Vertical,1,Remove jumper when loading sketch,
J11,PinHeader_1x03_P2.54mm_Vertical,1,LM317,
J2,PinHeader_1x03_P2.54mm_Vertical,1,RF conn,
J3,TerminalBlock_Altech_AK300-2_P5.00mm,1,DC-IN,
J4,PinHeader_1x02_P2.54mm_Vertical,1,5V Counter ,
J5,PinHeader_1x03_P2.54mm_Vertical,1,LM35DT,
J6,PinSocket_1x05_P2.54mm_Vertical,1,NEO 6M/8M/8T,
J7,PinHeader_1x03_P2.54mm_Vertical,1,NEO Serial,
J8,PinHeader_1x03_P2.54mm_Vertical,1,NANO Serial,
J9,PinHeader_1x02_P2.54mm_Vertical,1,LED,
L1,L_Axial_L5.3mm_D2.2mm_P2.54mm_Vertical_Vishay_IM-1,1,10-100uH,
"Q1, Q2, Q3, Q4, Q5, Q6, Q7, Q8, Q9",SOT-23,9,AO3400A,
"R1, R14, R2, R88, R89",0805,5,75R,
"R102, R16, R19",0805,3,100K,
R103,0805,1,5K1,
R104,0805,1,13K,
"R15, R87",0805,2,1K,
R17,0805,1,7K5,
R18,0805,1,6K8,
R20,0805,1,10Meg,
"R21, R81, R82, R83",0805,4,10K,
"R22, R23, R24, R25, R26, R27, R28, R29, R30, R31, R32, R33, R34, R35, R36, R37, R38, R39, R40, R41, R42, R43, R44, R45, R46, R47, R48, R49, R50, R51, R52, R53, R54, R55, R56, R57, R58, R59, R60, R61, R62, R63, R64, R65, R66, R67, R68, R69, R70, R71, R72, R73, R74, R75",2512,54,68R,
R76,0805,1,680R,
R77,0805,1,1K2,
"R78, R79",0805,2,220R,
R80,2512,1,0.5R,
"R84, R85, R92",0805,3,100R,
R86,0805,1,3K9,
"R90, R93, R94",0805,3,10R,
R91,0805,1,51R,
"R95, R96",0805,2,4K7,
RV2,Potentiometer_Bourns_3224W_Vertical,1,2K,
TP1,TestPoint_Loop_D1.80mm_Drill1.0mm_Beaded,1,f-Adjust,
TP2,TestPoint_Loop_D1.80mm_Drill1.0mm_Beaded,1,PCB Temp,
TP3,TestPoint_Loop_D1.80mm_Drill1.0mm_Beaded,1,Heater Reg,
U10,CTI_OC5SC25,1,CTI_OC5SC25,
U11,Bliley_NV47M1008,1,Bliley_NV47M1008,
U12,SOIC-16_3.9x9.9mm_P1.27mm,1,74HC390,
U13,SOIC-16_3.9x9.9mm_P1.27mm,1,74HC4046,
"U14, U4",SOT-23,2,LM45,
U15,VSSOP-8_3.0x3.0mm_P0.65mm,1,DAC8531,
U16,SOIC-8_3.9x4.9mm_P1.27mm,1,REF5040AD,
U5,SOIC-8_3.9x4.9mm_P1.27mm,1,OPA1641,
U7,TO-252-2-large_tab,1,LM317 TO-252,
"U8, U9",SOT-223-3_TabPin2,2,AMS1117-5.0,
