[{"pos_x": 184.404, "pos_y": -95.758, "rotation": 0.0, "side": "top", "designator": "R19", "mpn": null, "pack": "R_0805_2012Metric_Pad1.20x1.40mm_HandSolder", "value": "1K", "mount_type": "smt", "place": true}, {"pos_x": 177.546, "pos_y": -87.376, "rotation": 180.0, "side": "top", "designator": "R21", "mpn": null, "pack": "R_0805_2012Metric_Pad1.20x1.40mm_HandSolder", "value": "10R", "mount_type": "smt", "place": true}, {"pos_x": 164.862, "pos_y": -117.552, "rotation": 0.0, "side": "top", "designator": "R9", "mpn": null, "pack": "R_0805_2012Metric_Pad1.20x1.40mm_HandSolder", "value": "100R", "mount_type": "smt", "place": true}, {"pos_x": 184.404, "pos_y": -100.838, "rotation": 0.0, "side": "top", "designator": "R20", "mpn": null, "pack": "R_0805_2012Metric_Pad1.20x1.40mm_HandSolder", "value": "1K", "mount_type": "smt", "place": true}, {"pos_x": 171.958, "pos_y": -90.17, "rotation": 0.0, "side": "top", "designator": "R18", "mpn": null, "pack": "R_0805_2012Metric_Pad1.20x1.40mm_HandSolder", "value": "270R", "mount_type": "smt", "place": true}, {"pos_x": 197.358, "pos_y": -70.866, "rotation": 90.0, "side": "top", "designator": "C1", "mpn": null, "pack": "C_0805_2012Metric_Pad1.18x1.45mm_HandSolder", "value": "100nF", "mount_type": "smt", "place": true}, {"pos_x": 198.374, "pos_y": -129.54, "rotation": -90.0, "side": "top", "designator": "R15", "mpn": null, "pack": "R_0805_2012Metric_Pad1.20x1.40mm_HandSolder", "value": "2K2", "mount_type": "smt", "place": true}, {"pos_x": 184.166, "pos_y": -138.684, "rotation": 180.0, "side": "top", "designator": "R12", "mpn": null, "pack": "R_0805_2012Metric_Pad1.20x1.40mm_HandSolder", "value": "2K2", "mount_type": "smt", "place": true}, {"pos_x": 175.784, "pos_y": -133.096, "rotation": 180.0, "side": "top", "designator": "R10", "mpn": null, "pack": "R_0805_2012Metric_Pad1.20x1.40mm_HandSolder", "value": "10R", "mount_type": "smt", "place": true}, {"pos_x": 186.944, "pos_y": -131.5505, "rotation": 90.0, "side": "top", "designator": "C9", "mpn": null, "pack": "C_0805_2012Metric_Pad1.18x1.45mm_HandSolder", "value": "10uF", "mount_type": "smt", "place": true}, {"pos_x": 169.672, "pos_y": -98.298, "rotation": 0.0, "side": "top", "designator": "R17", "mpn": null, "pack": "R_0805_2012Metric_Pad1.20x1.40mm_HandSolder", "value": "270R", "mount_type": "smt", "place": true}, {"pos_x": 164.878, "pos_y": -115.012, "rotation": 0.0, "side": "top", "designator": "R8", "mpn": null, "pack": "R_0805_2012Metric_Pad1.20x1.40mm_HandSolder", "value": "100R", "mount_type": "smt", "place": true}, {"pos_x": 181.61, "pos_y": -89.662, "rotation": 0.0, "side": "top", "designator": "C14", "mpn": null, "pack": "C_0805_2012Metric_Pad1.18x1.45mm_HandSolder", "value": "100nF", "mount_type": "smt", "place": true}, {"pos_x": 168.91, "pos_y": -125.73, "rotation": 0.0, "side": "top", "designator": "R4", "mpn": null, "pack": "R_0805_2012Metric_Pad1.20x1.40mm_HandSolder", "value": "100R", "mount_type": "smt", "place": true}, {"pos_x": 180.594, "pos_y": -80.264, "rotation": 180.0, "side": "top", "designator": "C4", "mpn": null, "pack": "C_0805_2012Metric_Pad1.18x1.45mm_HandSolder", "value": "10nF", "mount_type": "smt", "place": true}, {"pos_x": 184.404, "pos_y": -93.218, "rotation": 180.0, "side": "top", "designator": "C15", "mpn": null, "pack": "C_0805_2012Metric_Pad1.18x1.45mm_HandSolder", "value": "10nF", "mount_type": "smt", "place": true}, {"pos_x": 184.404, "pos_y": -98.552, "rotation": 180.0, "side": "top", "designator": "C16", "mpn": null, "pack": "C_0805_2012Metric_Pad1.18x1.45mm_HandSolder", "value": "10nF", "mount_type": "smt", "place": true}, {"pos_x": 164.592, "pos_y": -123.444, "rotation": 180.0, "side": "top", "designator": "C5", "mpn": null, "pack": "C_0805_2012Metric_Pad1.18x1.45mm_HandSolder", "value": "10nF", "mount_type": "smt", "place": true}, {"pos_x": 163.83, "pos_y": -108.966, "rotation": 90.0, "side": "top", "designator": "C6", "mpn": null, "pack": "C_0805_2012Metric_Pad1.18x1.45mm_HandSolder", "value": "10nF", "mount_type": "smt", "place": true}, {"pos_x": 176.022, "pos_y": -137.16, "rotation": 90.0, "side": "top", "designator": "C12", "mpn": null, "pack": "C_0805_2012Metric_Pad1.18x1.45mm_HandSolder", "value": "100nF", "mount_type": "smt", "place": true}, {"pos_x": 200.914, "pos_y": -129.54, "rotation": -90.0, "side": "top", "designator": "R16", "mpn": null, "pack": "R_0805_2012Metric_Pad1.20x1.40mm_HandSolder", "value": "1K", "mount_type": "smt", "place": true}, {"pos_x": 183.134, "pos_y": -131.572, "rotation": 90.0, "side": "top", "designator": "C11", "mpn": null, "pack": "C_0805_2012Metric_Pad1.18x1.45mm_HandSolder", "value": "100nF", "mount_type": "smt", "place": true}, {"pos_x": 183.642, "pos_y": -123.698, "rotation": 180.0, "side": "top", "designator": "R11", "mpn": null, "pack": "R_0805_2012Metric_Pad1.20x1.40mm_HandSolder", "value": "1K", "mount_type": "smt", "place": true}, {"pos_x": 199.644, "pos_y": -70.866, "rotation": 90.0, "side": "top", "designator": "R1", "mpn": null, "pack": "R_0805_2012Metric_Pad1.20x1.40mm_HandSolder", "value": "1M", "mount_type": "smt", "place": true}, {"pos_x": 168.91, "pos_y": -123.444, "rotation": 0.0, "side": "top", "designator": "R5", "mpn": null, "pack": "R_0805_2012Metric_Pad1.20x1.40mm_HandSolder", "value": "100R", "mount_type": "smt", "place": true}, {"pos_x": 181.61, "pos_y": -87.376, "rotation": 0.0, "side": "top", "designator": "C17", "mpn": null, "pack": "C_0805_2012Metric_Pad1.18x1.45mm_HandSolder", "value": "10uF", "mount_type": "smt", "place": true}, {"pos_x": 170.688, "pos_y": -94.742, "rotation": -90.0, "side": "top", "designator": "C13", "mpn": null, "pack": "C_0805_2012Metric_Pad1.18x1.45mm_HandSolder", "value": "100nF", "mount_type": "smt", "place": true}, {"pos_x": 195.58, "pos_y": -136.144, "rotation": 180.0, "side": "bottom", "designator": "U3", "mpn": null, "pack": "DIP-6_W7.62mm_LongPads", "value": "CNY17-3", "mount_type": "tht", "place": true}, {"pos_x": 205.232, "pos_y": -138.684, "rotation": -90.0, "side": "bottom", "designator": "J9", "mpn": null, "pack": "SMA_Samtec_SMA-J-P-X-ST-EM1_EdgeMount", "value": "1PPS In", "mount_type": "smt", "place": true}, {"pos_x": 175.26, "pos_y": -114.046, "rotation": 0.0, "side": "bottom", "designator": "C10", "mpn": null, "pack": "C_0805_2012Metric_Pad1.18x1.45mm_HandSolder", "value": "1nF", "mount_type": "smt", "place": true}, {"pos_x": 179.324, "pos_y": -107.442, "rotation": 180.0, "side": "bottom", "designator": "R13", "mpn": null, "pack": "R_0805_2012Metric_Pad1.20x1.40mm_HandSolder", "value": "10R", "mount_type": "smt", "place": true}, {"pos_x": 156.21, "pos_y": -127.254, "rotation": 0.0, "side": "bottom", "designator": "TR1", "mpn": null, "pack": "PE-65612", "value": "PE-65612", "mount_type": "tht", "place": true}, {"pos_x": 187.437, "pos_y": -126.223, "rotation": 0.0, "side": "bottom", "designator": "U2", "mpn": null, "pack": "DIP-6_W7.62mm_LongPads", "value": "CNY17-3", "mount_type": "tht", "place": true}, {"pos_x": 145.288, "pos_y": -126.238, "rotation": 180.0, "side": "bottom", "designator": "J3", "mpn": null, "pack": "PinHeader_1x02_P2.54mm_Horizontal", "value": "10MHz", "mount_type": "tht", "place": true}, {"pos_x": 175.26, "pos_y": -109.474, "rotation": 0.0, "side": "bottom", "designator": "C7", "mpn": null, "pack": "C_0805_2012Metric_Pad1.18x1.45mm_HandSolder", "value": "10uF", "mount_type": "smt", "place": true}, {"pos_x": 175.26, "pos_y": -111.76, "rotation": 0.0, "side": "bottom", "designator": "C8", "mpn": null, "pack": "C_0805_2012Metric_Pad1.18x1.45mm_HandSolder", "value": "100nF", "mount_type": "smt", "place": true}, {"pos_x": 147.97375, "pos_y": -117.536, "rotation": 90.0, "side": "bottom", "designator": "C3", "mpn": null, "pack": "C_0805_2012Metric_Pad1.18x1.45mm_HandSolder", "value": "100nF", "mount_type": "smt", "place": true}, {"pos_x": 183.642, "pos_y": -119.888, "rotation": 0.0, "side": "bottom", "designator": "R7", "mpn": null, "pack": "R_0805_2012Metric_Pad1.20x1.40mm_HandSolder", "value": "100R", "mount_type": "smt", "place": true}, {"pos_x": 145.288, "pos_y": -60.96, "rotation": 180.0, "side": "bottom", "designator": "J7", "mpn": null, "pack": "PinHeader_1x03_P2.54mm_Horizontal", "value": "RF interconnect", "mount_type": "tht", "place": true}, {"pos_x": 189.042, "pos_y": -76.504, "rotation": 180.0, "side": "bottom", "designator": "TR3", "mpn": null, "pack": "PE-65612", "value": "PE-65612", "mount_type": "tht", "place": true}, {"pos_x": 199.136, "pos_y": -138.684, "rotation": 180.0, "side": "bottom", "designator": "R14", "mpn": null, "pack": "R_0805_2012Metric_Pad1.20x1.40mm_HandSolder", "value": "1K", "mount_type": "smt", "place": true}, {"pos_x": 145.68775, "pos_y": -117.536, "rotation": 90.0, "side": "bottom", "designator": "R3", "mpn": null, "pack": "R_0805_2012Metric_Pad1.20x1.40mm_HandSolder", "value": "1M", "mount_type": "smt", "place": true}, {"pos_x": 145.288, "pos_y": -71.882, "rotation": 180.0, "side": "bottom", "designator": "J13", "mpn": null, "pack": "PinHeader_1x06_P2.54mm_Horizontal", "value": "Serial interconnect", "mount_type": "tht", "place": true}, {"pos_x": 179.4135, "pos_y": -130.8575, "rotation": 180.0, "side": "bottom", "designator": "PS1", "mpn": null, "pack": "Converter_DCDC_HN_MODUL_SIM1-0505", "value": "SIM1-0505", "mount_type": "tht", "place": true}, {"pos_x": 145.345, "pos_y": -110.993, "rotation": 180.0, "side": "bottom", "designator": "J4", "mpn": null, "pack": "PinHeader_1x02_P2.54mm_Horizontal", "value": "10MHz", "mount_type": "tht", "place": true}, {"pos_x": 147.828, "pos_y": -132.842, "rotation": 90.0, "side": "bottom", "designator": "R2", "mpn": null, "pack": "R_0805_2012Metric_Pad1.20x1.40mm_HandSolder", "value": "1M", "mount_type": "smt", "place": true}, {"pos_x": 145.288, "pos_y": -132.8635, "rotation": 90.0, "side": "bottom", "designator": "C2", "mpn": null, "pack": "C_0805_2012Metric_Pad1.18x1.45mm_HandSolder", "value": "100nF", "mount_type": "smt", "place": true}, {"pos_x": 176.784, "pos_y": -119.888, "rotation": 180.0, "side": "bottom", "designator": "U1", "mpn": null, "pack": "SOIC-14_3.9x8.7mm_P1.27mm", "value": "74HC14", "mount_type": "smt", "place": true}, {"pos_x": 183.642, "pos_y": -122.428, "rotation": 0.0, "side": "bottom", "designator": "R6", "mpn": null, "pack": "R_0805_2012Metric_Pad1.20x1.40mm_HandSolder", "value": "100R", "mount_type": "smt", "place": true}, {"pos_x": 205.175, "pos_y": -64.755, "rotation": 0.0, "side": "bottom", "designator": "J10", "mpn": null, "pack": "PinHeader_1x03_P2.54mm_Horizontal", "value": "NEO USB Serial", "mount_type": "tht", "place": true}, {"pos_x": 205.232, "pos_y": -76.454, "rotation": -90.0, "side": "bottom", "designator": "J1", "mpn": null, "pack": "SMA_Samtec_SMA-J-P-X-ST-EM1_EdgeMount", "value": "10MHz Out", "mount_type": "smt", "place": true}, {"pos_x": 205.175, "pos_y": -99.558, "rotation": 0.0, "side": "bottom", "designator": "J11", "mpn": null, "pack": "PinHeader_1x04_P2.54mm_Horizontal", "value": "RPi Interconnect", "mount_type": "tht", "place": true}, {"pos_x": 205.232, "pos_y": -123.698, "rotation": -90.0, "side": "bottom", "designator": "J8", "mpn": null, "pack": "SMA_Samtec_SMA-J-P-X-ST-EM1_EdgeMount", "value": "1PPS Out", "mount_type": "smt", "place": true}, {"pos_x": 180.584, "pos_y": -93.228, "rotation": 180.0, "side": "bottom", "designator": "U4", "mpn": null, "pack": "DIP-8_W7.62mm", "value": "LTV-827", "mount_type": "tht", "place": true}, {"pos_x": 204.921, "pos_y": -112.253, "rotation": 0.0, "side": "bottom", "designator": "J12", "mpn": null, "pack": "PinHeader_1x03_P2.54mm_Horizontal", "value": "NANO USB Serial", "mount_type": "tht", "place": true}, {"pos_x": 155.956, "pos_y": -111.76, "rotation": 0.0, "side": "bottom", "designator": "TR2", "mpn": null, "pack": "PE-65612", "value": "PE-65612", "mount_type": "tht", "place": true}, {"pos_x": 175.26, "pos_y": -107.442, "rotation": 180.0, "side": "bottom", "designator": "FB1", "mpn": null, "pack": "L_0603_1608Metric_Pad1.05x0.95mm_HandSolder", "value": "1K", "mount_type": "smt", "place": true}]