[{"pos_x": 169.164, "pos_y": -108.712, "rotation": 0.0, "side": "top", "designator": "H1", "mpn": null, "pack": "MountingHole_8.4mm_M8_Pad_TopBottom", "value": "MountingHole_8mm", "mount_type": "tht", "place": false}, {"pos_x": 101.854, "pos_y": -108.585, "rotation": 0.0, "side": "top", "designator": "H3", "mpn": null, "pack": "MountingHole_6.4mm_M6_DIN965_Pad_TopBottom", "value": "MountingHole_6.3mm_Pad_TopBottom", "mount_type": "tht", "place": false}, {"pos_x": 124.841, "pos_y": -108.712, "rotation": 0.0, "side": "top", "designator": "H2", "mpn": null, "pack": "MountingHole_3.5mm", "value": "MountingHole_3.5mm", "mount_type": "tht", "place": false}]